[
    {
        "id" : 1,
        "category" : "GIFT SHOP",
        "description" : "As a merchant,\nI want to add and edit new products in my shop.",
        "defaultStars" : 5,
        "defaultSize" : "M",
        "restriction" : 13
    },
    {
        "id" : 2,
        "category" : "GIFT SHOP",
        "description" : "As a merchant,\nI want to prevent new orders during my holidays.",
        "defaultStars" : 1,
        "defaultSize" : "XS",
        "restriction" : 13
    },
    {
        "id" : 3,
        "category" : "GIFT SHOP",
        "description" : "As a visitor,\nI want to see the list of featured products.",
        "defaultStars" : 1,
        "defaultSize" : "S"
    },{
        "id" : 4,
        "category" : "GIFT SHOP",
        "description" : "As a customer,\nI want to edit my postal and bank details.",
        "defaultStars" : 4,
        "defaultSize" : "S",
        "restriction" : 11
    },{
        "id" : 5,
        "category" : "GIFT SHOP",
        "description" : "As a loyal customer,\nI want to receive gift suggestions by email.",
        "defaultStars" : 2,
        "defaultSize" : "S"
    },{
        "id" : 6,
        "category" : "GIFT SHOP",
        "description" : "As a visitor,\nI want to indicate a wish on social networks.",
        "defaultStars" : 5,
        "defaultSize" : "M"
    },{
        "id" : 7,
        "category" : "GIFT SHOP",
        "description" : "As a customer,\nI want to pay by Paypal, Visa, bank transfer or check.",
        "defaultStars" : 4,
        "defaultSize" : "XL"
    },{
        "id" : 8,
        "category" : "GIFT SHOP",
        "description" : "As a visitor,\nI want to search for gifts by price.",
        "defaultStars" : 2,
        "defaultSize" : "XS"
    },{
        "id" : 9,
        "category" : "GIFT SHOP",
        "description" : "As a visitor,\nI want to search for gifts according to a theme, colors and materials.",
        "defaultStars" : 4,
        "defaultSize" : "S"
    },{
        "id" : 10,
        "category" : "GIFT SHOP",
        "description" : "As a customer,\nI want to obtain an invoice and a follow-up of my orders.",
        "defaultStars" : 3,
        "defaultSize" : "M"
    },{
        "id" : 11,
        "category" : "GIFT SHOP",
        "description" : "As a regular visitor or buyer,\nI want to be able to create a customer account.",
        "defaultStars" : 2,
        "defaultSize" : "XL"
    },{
        "id" : 12,
        "category" : "GIFT SHOP",
        "description" : "As a merchant,\nI want key metrics on page views and visitor interests.",
        "defaultStars" : 4,
        "defaultSize" : "L"
    },
    {
        "id" : 13,
        "category" : "GIFT SHOP",
        "description" : "As a merchant,\nI want a secure space to administer my site.",
        "defaultStars" : 2,
        "defaultSize" : "L"
    },
    {
        "id" : 14,
        "category" : "GIFT SHOP",
        "description" : "As a merchant,\nI want to cancel any erroneous or fraudulent orders and proceed with compensation from the secure area.",
        "defaultStars" : 5,
        "defaultSize" : "L",
        "restriction" : 13
    },
    {
        "id" : 15,
        "category" : "GIFT SHOP",
        "description" : "As a visitor,\nI want to submit ideas for items in the shop.",
        "defaultStars" : 1,
        "defaultSize" : "M"
    }
]