[
    {
        "id" : 1,
        "category" : "TRAVEL DIARY",
        "description" : "As a registered user,\nI want to keep a travel diary and list my visited places in it",
        "defaultStars" : 1,
        "defaultSize" : "S",
        "restriction" : 4
    },
    {
        "id" : 2,
        "category" : "TRAVEL DIARY",
        "description" : "As a registered user,\nI want to add photos and notes to my travel diary for each place visited.",
        "defaultStars" : 4,
        "defaultSize" : "M",
        "restriction" : 4
    },
    {
        "id" : 3,
        "category" : "TRAVEL DIARY",
        "description" : "As a visitor,\nI want to consult users' travel and road diaries, made public.",
        "defaultStars" : 5,
        "defaultSize" : "M",
        "restriction" : 12
    },{
        "id" : 4,
        "category" : "TRAVEL DIARY",
        "description" : "As a regular user,\nI want to manage a minimal QuickTrip account to store information in.",
        "defaultStars" : 4,
        "defaultSize" : "M"
    },{
        "id" : 5,
        "category" : "TRAVEL DIARY",
        "description" : "As a visitor,\nI want to consult tourist offers in the region.",
        "defaultStars" : 4,
        "defaultSize" : "L"
    },{
        "id" : 6,
        "category" : "TRAVEL DIARY",
        "description" : "As a visitor,\nI want to generate daily tourist routes within a limited radius of 200km and for a cost of less than $500.",
        "defaultStars" : 3,
        "defaultSize" : "L"
    },{
        "id" : 7,
        "category" : "TRAVEL DIARY",
        "description" : "As a registered user,\nI want to generate tourist routes lasting up to two months.",
        "defaultStars" : 5,
        "defaultSize" : "L",
        "restriction" : 4
    },{
        "id" : 8,
        "category" : "TRAVEL DIARY",
        "description" : "As a registered user,\nI want to generate tourist routes at personalized stages, anywhere in the world.",
        "defaultStars" : 3,
        "defaultSize" : "XL",
        "restriction" : 4
    },{
        "id" : 9,
        "category" : "TRAVEL DIARY",
        "description" : "As a registered user,\nI want to restrict my budget for generated trails.",
        "defaultStars" : 3,
        "defaultSize" : "M",
        "restriction" : 4
    },{
        "id" : 10,
        "category" : "TRAVEL DIARY",
        "description" : "As a registered user,\nI want to write travel diaries.",
        "defaultStars" : 2,
        "defaultSize" : "S",
        "restriction" : 4
    },{
        "id" : 11,
        "category" : "TRAVEL DIARY",
        "description" : "As a registered user,\nI want to extract generated routes to edit them as my own logbooks.",
        "defaultStars" : 1,
        "defaultSize" : "L",
        "restriction" : 4
    },{
        "id" : 12,
        "category" : "TRAVEL DIARY",
        "description" : "As a registered user,\nI want to make my road and travel diaries public.",
        "defaultStars" : 3,
        "defaultSize" : "XS",
        "restriction" : 4
    },
    {
        "id" : 13,
        "category" : "TRAVEL DIARY",
        "description" : "As a registered user,\nI want to be suggested a new route by email based on my experience after a month of inactivity.",
        "defaultStars" : 3,
        "defaultSize" : "S",
        "restriction" : 4
    },
    {
        "id" : 14,
        "category" : "TRAVEL DIARY",
        "description" : "As a registered user,\nI want QuickTrip to reserve everything for a road book, on global payment.",
        "defaultStars" : 1,
        "defaultSize" : "XL",
        "restriction" : 4
    },
    {
        "id" : 15,
        "category" : "TRAVEL DIARY",
        "description" : "As a visitor,\nI want to see the most popular places in a chosen location.",
        "defaultStars" : 3,
        "defaultSize" : "S"
    }
]