[
    {
        "id" : 1,
        "category" : "PROBLEM",
        "description" : "Your workstation has broken down... so you have to redo some, your work!",
        "result" : "You lose 2 tasks.",
        "typeOfCard" : "Simple",
        "firstAction" : "DecreaseTask",
        "firstValue" : 2
    },
    {
        "id" : 2,
        "category" : "PROBLEM",
        "description" : "Oops, you broke the build !",
        "result" : "Your team loses 1 task per member.",
        "typeOfCard" : "Simple",
        "firstAction" : "DecreaseTaskPerPlayer",
        "firstValue" : 1
    },
    {
        "id" : 3,
        "category" : "PROBLEM",
        "description" : "A test fails unexpectedly and requires investigation.",
        "result" : "You lose 2 tasks.",
        "typeOfCard" : "Simple",
        "firstAction" : "DecreaseTask",
        "firstValue" : 2,
        "test" : true
    },
    {
        "id" : 4,
        "category" : "PROBLEM",
        "description" : "A test fails unexpectedly and requires investigation.",
        "result" : "You lose 2 tasks.",
        "typeOfCard" : "Simple",
        "firstAction" : "DecreaseTask",
        "firstValue" : 2,
        "test" : true
    },
    {
        "id" : 5,
        "category" : "PROBLEM",
        "description" : "A sensitive test fails strangely and repeatedly. You need to investigate and correct it",
        "result" : "You lose 3 tasks and accumulate 1 debt.",
        "typeOfCard" : "Multiple",
        "firstAction" : "DecreaseTask",
        "firstValue" : 3,
        "secondAction" : "IncreaseDebt",
        "secondValue" : 1,
        "test" : true
    },
    {
        "id" : 6,
        "category" : "PROBLEM",
        "description" : "A critical test no longer succeeds for no apparent reason. A thorough inspection is required.",
        "result" : "You lose 4 tasks and accumulate 2 debts.",
        "typeOfCard" : "Multiple",
        "firstAction" : "DecreaseTask",
        "firstValue" : 4,
        "secondAction" : "IncreaseDebt",
        "secondValue" : 2,
        "test" : true
    },
    {
        "id" : 7,
        "category" : "PROBLEM",
        "description" : "A minor bug has been reported by one of our users. Nothing too serious, but it's still a bug !",
        "result" : "You accumulate 2 debts.",
        "typeOfCard" : "Simple",
        "firstAction" : "IncreaseDebt",
        "firstValue" : 2
    },
    {
        "id" : 8,
        "category" : "PROBLEM",
        "description" : "In your emails today, users reporting a bug ! Damn!",
        "result" : "You have accumulated 3 debts.",
        "typeOfCard" : "Simple",
        "firstAction" : "IncreaseDebt",
        "firstValue" : 3
    },
    {
        "id" : 9,
        "category" : "PROBLEM",
        "description" : "Technical debts is like baldness. It sets in very quickly.",
        "result" : "You accumulate 20% more debt ! Be careful !",
        "typeOfCard" : "Simple",
        "firstAction" : "MultiplieDebt",
        "firstValue" : 1.20
    },
    {
        "id" : 10,
        "category" : "PROBLEM",
        "description" : "The more code, the more problems. The more problems, the less functionality. Wait a minute..",
        "result" : "You are accumulating 20% more debts ! Be careful !",
        "typeOfCard" : "Simple",
        "firstAction" : "MultiplieDebt",
        "firstValue" : 1.20
    },
    {
        "id" : 11,
        "category" : "PROBLEM",
        "description" : "What looks like 1 bug, but is more annoying than a bug ? Yes, it's a very big bug.",
        "result" : "You accumulate 4 debts.",
        "typeOfCard" : "Simple",
        "firstAction" : "IncreaseDebt",
        "firstValue" : 4
    },
    {
        "id" : 12,
        "category" : "PROBLEM",
        "description" : "Automated unit tests no longer work. You need to take a look at it and solve the problem.",
        "result" : "You lose 5 tasks.",
        "typeOfCard" : "Simple",
        "firstAction" : "DecreaseTask",
        "firstValue" : 5,
        "test" : true
    },
    {
        "id" : 13,
        "category" : "PROBLEM",
        "description" : "Curiously, all your BDD tests fail. You need to solve this problem as a matter of priority",
        "result" : "You lose 3 tasks.",
        "typeOfCard" : "Simple",
        "firstAction" : "DecreaseTask",
        "firstValue" : 3,
        "test" : true
    },
    {
        "id" : 14,
        "category" : "PROBLEM",
        "description" : "After several discussions within the team, you realize the need to clarify a point in the definition of Finished !",
        "result" : "You accumulate 2 debts.",
        "typeOfCard" : "Simple",
        "firstAction" : "IncreaseDebt",
        "firstValue" : 2
    },
    {
        "id" : 15,
        "category" : "PROBLEM",
        "description" : "New standards require a revision of the definition of Completed.. as well as some unforeseen work !",
        "result" : "You accumulate 5 debts.",
        "typeOfCard" : "Simple",
        "firstAction" : "IncreaseDebt",
        "firstValue" : 5
    },
    {
        "id" : 16,
        "category" : "PROBLEM",
        "description" : "Major new standards are having a major impact on your work to date!",
        "result" : "You accumulate 10 debts.",
        "typeOfCard" : "Simple",
        "firstAction" : "IncreaseDebt",
        "firstValue" : 10
    },
    {
        "id" : 17,
        "category" : "PROBLEM",
        "description" : "Someone has not written the unit tests for a new class !",
        "result" : "You accumulate 2 debts.",
        "typeOfCard" : "Simple",
        "firstAction" : "IncreaseDebt",
        "firstValue" : 2
    },
    {
        "id" : 18,
        "category" : "PROBLEM",
        "description" : "Automated unit tests no longer work. You need to take a look at it and solve the problem.",
        "result" : "You lose 5 tasks.",
        "typeOfCard" : "Simple",
        "firstAction" : "DecreaseTask",
        "firstValue" : 5,
        "test" : true
    },
    {
        "id" : 19,
        "category" : "PROBLEM",
        "description" : "You notice the absence of critical tests. Would you like to write them ?",
        "result" : "If so, choose to lose 10 tasks. If not, accumulate 5 debts.",
        "typeOfCard" : "Choice",
        "firstAction" : "DecreaseTask",
        "firstValue" : 10,
        "secondAction" : "IncreaseDebt",
        "secondValue" : 5
    },
    {
        "id" : 20,
        "category" : "PROBLEM",
        "description" : "You notice the absence of tests. Would you like to write them  ?",
        "result" : "If so, choose to lose 8 tasks. If not, accumulate 4 debts.",
        "typeOfCard" : "Choice",
        "firstAction" : "DecreaseTask",
        "firstValue" : 8,
        "secondAction" : "IncreaseDebt",
        "secondValue" : 4
    },
    {
        "id" : 21,
        "category" : "PROBLEM",
        "description" : "You notice a few big redundancies in the code. Would you like to factor it ?",
        "result" : "If so, choose to lose 5 tasks. Otherwise, accumulate 3 debts..",
        "typeOfCard" : "Choice",
        "firstAction" : "DecreaseTask",
        "firstValue" : 5,
        "secondAction" : "IncreaseDebt",
        "secondValue" : 3
    },
    {
        "id" : 22,
        "category" : "PROBLEM",
        "description" : "An incorrectly executed rm -f command will cause you to lose your work without a backup!",
        "result" : "You lose 5 tasks.",
        "typeOfCard" : "Simple",
        "firstAction" : "DecreaseTask",
        "firstValue" : 5
    },
    {
        "id" : 23,
        "category" : "PROBLEM",
        "description" : "New minor technical tasks are identified. They are essential.",
        "result" : "You lose 2 tasks.",
        "typeOfCard" : "Simple",
        "firstAction" : "DecreaseTask",
        "firstValue" : 2
    },
    {
        "id" : 24,
        "category" : "PROBLEM",
        "description" : "New minor technical tasks are identified. They are essential.",
        "result" : "You lose 2 tasks.",
        "typeOfCard" : "Simple",
        "firstAction" : "DecreaseTask",
        "firstValue" : 2
    },
    {
        "id" : 25,
        "category" : "PROBLEM",
        "description" : "You have a bug. After 5 attempts to reproduce it, you can't...",
        "result" : "This mishap causes you to lose 1 task.",
        "typeOfCard" : "Simple",
        "firstAction" : "DecreaseTask",
        "firstValue" : 1
    },
    {
        "id" : 26,
        "category" : "PROBLEM",
        "description" : "Your code should be more detailed and documented. Would you like to do it ?",
        "result" : "If so, choose to lose 4 tasks. If not, accumulate 2 debts",
        "typeOfCard" : "Choice",
        "firstAction" : "DecreaseTask",
        "firstValue" : 4,
        "secondAction" : "IncreaseDebt",
        "secondValue" : 2
    },
    {
        "id" : 27,
        "category" : "PROBLEM",
        "description" : "You notice a few redundancies in the code. Would you like to factor it ?",
        "result" : "If so, choose to lose 3 tasks. Otherwise, accumulate 1 debt.",
        "typeOfCard" : "Choice",
        "firstAction" : "DecreaseTask",
        "firstValue" : 3,
        "secondAction" : "IncreaseDebt",
        "secondValue" : 1
    },
    {
        "id" : 28,
        "category" : "PROBLEM",
        "description" : "You have a bug. After 5 attempts to reproduce it, you can't...",
        "result" : "This mishap causes you to lose 1 task..",
        "typeOfCard" : "Simple",
        "firstAction" : "DecreaseTask",
        "firstValue" : 1
    },
    {
        "id" : 29,
        "category" : "PROBLEM",
        "description" : "New technical tasks are requires to complete a User Story.",
        "result" : "You lose 4 tasks.",
        "typeOfCard" : "Simple",
        "firstAction" : "DecreaseTask",
        "firstValue" : 4
    },
    {
        "id" : 30,
        "category" : "PROBLEM",
        "description" : "New technical tasks are requires to complete a User Story.",
        "result" : "You lose 4 tasks.",
        "typeOfCard" : "Simple",
        "firstAction" : "DecreaseTask",
        "firstValue" : 4
    },
    {
        "id" : 31,
        "category" : "PROBLEM",
        "description" : "You spilled your coffee on a piece of analysis work... Does anyone have a sponge ?",
        "result" : "This clumsiness causes you to lose 1 task.",
        "typeOfCard" : "Simple",
        "firstAction" : "DecreaseTask",
        "firstValue" : 1
    },
    {
        "id" : 32,
        "category" : "PROBLEM",
        "description" : "You spilled your tea on your keyboard... Well done !",
        "result" : "This clumsiness causes you to lose 2 tasks.",
        "typeOfCard" : "Simple",
        "firstAction" : "DecreaseTask",
        "firstValue" : 2
    },
    {
        "id" : 33,
        "category" : "PROBLEM",
        "description" : "You notice a few redundancies in the code. Would you like to factor it ?",
        "result" : "If so, choose to lose 3 tasks. Otherwise, accumulate 1 debt.",
        "typeOfCard" : "Choice",
        "firstAction" : "DecreaseTask",
        "firstValue" : 3,
        "secondAction" : "IncreaseDebt",
        "secondValue" : 1
    },
    {
        "id" : 34,
        "category" : "PROBLEM",
        "description" : "Your code should be more detailed and documented. Would you like to do it ?",
        "result" : "If so, choose to lose 4 tasks. If not, accumulate 2 debts.",
        "typeOfCard" : "Choice",
        "firstAction" : "DecreaseTask",
        "firstValue" : 4,
        "secondAction" : "IncreaseDebt",
        "secondValue" : 2
    },
    {
        "id" : 35,
        "category" : "PROBLEM",
        "description" : "A user informs you of a bug, without communicating his observations. So you contact him.",
        "result" : "This activity causes you to lose 1 task.",
        "typeOfCard" : "Simple",
        "firstAction" : "DecreaseTask",
        "firstValue" : 1
    },
    {
        "id" : 36,
        "category" : "PROBLEM",
        "description" : "A user informs you of a bug, without communicating his observations. So you contact him.",
        "result" : "This activity causes you to lose 1 task.",
        "typeOfCard" : "Simple",
        "firstAction" : "DecreaseTask",
        "firstValue" : 1
    },
    {
        "id" : 37,
        "category" : "PROBLEM",
        "description" : "Your latest stress tests have failed.",
        "result" : "You accumulate 4 debts.",
        "typeOfCard" : "Simple",
        "firstAction" : "IncreaseDebt",
        "firstValue" : 4,
        "test" : true
    },
    {
        "id" : 38,
        "category" : "PROBLEM",
        "description" : "You have been neglecting the definition of Finished lately !",
        "result" : "Roll, the die and accumulate as many debts.",
        "typeOfCard" : "Simple",
        "firstAction" : "IncreaseDebtPerRoll"
    },
    {
        "id" : 39,
        "category" : "PROBLEM",
        "description" : "One of your colleague is asking for a little help today. You decide to guide him so as not to create unnecessary debt.",
        "result" : "You lose 1 task.",
        "typeOfCard" : "Simple",
        "firstAction" : "DecreaseTask",
        "firstValue" : 1
    },
    {
        "id" : 40,
        "category" : "PROBLEM",
        "description" : "One of your colleague is asking for a little help today. You decide to guide him so as not to create unnecessary debt.",
        "result" : "You lose 1 task.",
        "typeOfCard" : "Simple",
        "firstAction" : "DecreaseTask",
        "firstValue" : 1
    },
    {
        "id" : 41,
        "category" : "PROBLEM",
        "description" : "One of your team-mates is absent for health reasons today. Get well soon !",
        "result" : "Next player need to pass his turn.",
        "typeOfCard" : "Simple",
        "firstAction" : "NextPlayerPassATurn",
        "firstValue" : 1
    },
    {
        "id" : 42,
        "category" : "PROBLEM",
        "description" : "A user informs you of a bug, without communicating his observations. So you contact him.",
        "result" : "This activity causes you to lose 1 task",
        "typeOfCard" : "Simple",
        "firstAction" : "DecreaseTask",
        "firstValue" : 1
    },
    {
        "id" : 43,
        "category" : "PROBLEM",
        "description" : "You are confronting Murphy's law. Good luck to you !",
        "result" : "Throw the die. If you get 3 or less, pick as many Problem cards !",
        "typeOfCard" : "Simple",
        "firstAction" : "PickProblemCardsPerRoll"
    },
    {
        "id" : 44,
        "category" : "PROBLEM",
        "description" : "A critical test fails for no apparent reason. A thorough inspection is required",
        "result" : "You lose 4 tasks and accumulate 2 debts.",
        "typeOfCard" : "Multiple",
        "firstAction" : "DecreaseTask",
        "firstValue" : 4,
        "secondAction" : "IncreaseDebt",
        "secondValue" : 2,
        "test" : true
    },
    {
        "id" : 45,
        "category" : "PROBLEM",
        "description" : "Management disturbs you by imposing meetings outside the Scrum framework.",
        "result" : "Your team loses 2 tasks per development team member.",
        "typeOfCard" : "Simple",
        "firstAction" : "DecreaseTaskPerDevelopper",
        "firstValue" : 2
    },
    {
        "id" : 46,
        "category" : "PROBLEM",
        "description" : "You are stuck and need to ask your teammates for a little help.",
        "result" : "You lose 2 tasks.",
        "typeOfCard" : "Simple",
        "firstAction" : "DecreaseTask",
        "firstValue" : 2
    },
    {
        "id" : 47,
        "category" : "PROBLEM",
        "description" : "You are stuck and need to ask your teammates for a little help.",
        "result" : "You lose 2 tasks.",
        "typeOfCard" : "Simple",
        "firstAction" : "DecreaseTask",
        "firstValue" : 2
    },
    {
        "id" : 48,
        "category" : "PROBLEM",
        "description" : "A grumpy user complains to the team. It lowers your morale.",
        "result" : "You lose 3 tasks.",
        "typeOfCard" : "Simple",
        "firstAction" : "DecreaseTask",
        "firstValue" : 3
    },
    {
        "id" : 49,
        "category" : "PROBLEM",
        "description" : "You notice a few redundancies in the code. Would you like to factor it  ?",
        "result" : "if so, choose to lose 3 tasks. Otherwise, accumulate 1 debt.",
        "typeOfCard" : "Choice",
        "firstAction" : "DecreaseTask",
        "firstValue" : 3,
        "secondAction" : "IncreaseDebt",
        "secondValue" : 1
    },
    {
        "id" : 50,
        "category" : "PROBLEM",
        "description" : "Your work machine crashes, all your hard work is wasted !",
        "result" : "You lose 3 tasks.",
        "typeOfCard" : "Simple",
        "firstAction" : "DecreaseTask",
        "firstValue" : 3
    },
    {
        "id" : 51,
        "category" : "PROBLEM",
        "description" : "Adjustments are needed to incomplete product documentation.",
        "result" : "You accumulate 2 debts.",
        "typeOfCard" : "Simple",
        "firstAction" : "IncreaseDebt",
        "firstValue" : 2
    },
    {
        "id" : 52,
        "category" : "PROBLEM",
        "description" : "Now you are jinxed !",
        "result" : "The whole team must now also draw a Problem card if a 5 is rolled.",
        "typeOfCard" : "Permanent",
        "permanent" : "Jinx"
    },
    {
        "id" : 53,
        "category" : "PROBLEM",
        "description" : "Oops, you have broken the build !",
        "result" : "Your team loses one task per member.",
        "typeOfCard" : "Simple",
        "firstAction" : "DecreaseTaskPerPlayer",
        "firstValue" : 1
    },
    {
        "id" : 54,
        "category" : "PROBLEM",
        "description" : "Oops, you have broken the build  !",
        "result" : "Your team loses one task per member.",
        "typeOfCard" : "Simple",
        "firstAction" : "DecreaseTaskPerPlayer",
        "firstValue" : 1
    },
    {
        "id" : 55,
        "category" : "PROBLEM",
        "description" : "Your Product Backlog needs to be reworked regularly. So you check it for upcoming Sprints.",
        "result" : "Your team loses as many tasks as the technical debt factor.",
        "typeOfCard" : "Simple",
        "firstAction" : "DecreaseTaskPerCurrentDebt"
    },
    {
        "id" : 56,
        "category" : "PROBLEM",
        "description" : "Your Product Backlog needs to be reworked regularly. So you check it for upcoming Sprints.",
        "result" : "Your team loses as many tasks as the technical debt factor.",
        "typeOfCard" : "Simple",
        "firstAction" : "DecreaseTaskPerCurrentDebt"
    },
    {
        "id" : 57,
        "category" : "PROBLEM",
        "description" : "Someone has 'borrowed' your post-it notes and supplies. Finding them takes a little time",
        "result" : "You lose 1 task.",
        "typeOfCard" : "Simple",
        "firstAction" : "DecreaseTask",
        "firstValue" : 1
    },
    {
        "id" : 58,
        "category" : "PROBLEM",
        "description" : "Oops ! Power failure ! You ask the Scrum Master to pedal the dynamo.",
        "result" : "You lose 3 tasks.",
        "typeOfCard" : "Simple",
        "firstAction" : "DecreaseTask",
        "firstValue" : 3
    },
    {
        "id" : 59,
        "category" : "PROBLEM",
        "description" : "One of your team-mates is absent for health reasons today. Get well soon !",
        "result" : "Next player need to pass his turn.",
        "typeOfCard" : "Simple",
        "firstAction" : "NextPlayerPassATurn",
        "firstValue" : 1
    },
    {
        "id" : 60,
        "category" : "PROBLEM",
        "description" : "The complexity of a project is technical, functional and also human.",
        "result" : "The team accumulates as many debts as developers.",
        "typeOfCard" : "Simple",
        "firstAction" : "IncreaseDebtPerDevelopper",
        "firstValue" : 1
    }
]