[
    {
        "id" : 1,
        "category" : "REVIEW",
        "description" : "Users noticed a blocking bug during the increment presentation !",
        "result" : "The team accumulates 5 debts.",
        "typeOfCard" : "Simple",
        "firstAction" : "IncreaseDebt",
        "firstValue" : 5
    },
    {
        "id" : 2,
        "category" : "REVIEW",
        "description" : "Users appreciate the value of your work and a well thought-out addition.",
        "result" : "The team deduces 3 tasks from a User Story for the next Sprint.",
        "typeOfCard" : "Simple",
        "firstAction" : "DecreaseMaxTaskNextSprint",
        "firstValue" : 3
    },
    {
        "id" : 3,
        "category" : "REVIEW",
        "description" : "' You have a real artistic talent. This new logo is magnificent with the product name in Comic Sans ! Congratulations !'",
        "result" : "- A satisfied user",
        "typeOfCard" : "Information"
    },
    {
        "id" : 4,
        "category" : "REVIEW",
        "description" : "Users observed a major bug in the increment at the end of the Review. !",
        "result" : "The team accumulates 4 debts.",
        "typeOfCard" : "Simple",
        "firstAction" : "IncreaseDebt",
        "firstValue" : 4
    },
    {
        "id" : 5,
        "category" : "REVIEW",
        "description" : "The customer sends a business expert to enlighten you during the next Sprint !",
        "result" : "The team saves 2 debts and deducts 5 tasks from A User Story for the next Sprint.",
        "typeOfCard" : "Multiple",
        "firstAction" : "DecreaseDebt",
        "firstValue" : 2,
        "secondAction" : "DecreaseMaxTaskNextSprint",
        "secondValue" : 5
    },
    {
        "id" : 6,
        "category" : "REVIEW",
        "description" : "Users detected a minor bug while testing the increment during the Review !",
        "result" : "The team accumulates 2 debts.",
        "typeOfCard" : "Simple",
        "firstAction" : "IncreaseDebt",
        "firstValue" : 2
    },
    {
        "id" : 7,
        "category" : "REVIEW",
        "description" : "Users detected a minor bug while testing the increment during the Review!",
        "result" : "The team accumulates 2 debts.",
        "typeOfCard" : "Simple",
        "firstAction" : "IncreaseDebt",
        "firstValue" : 2
    },
    {
        "id" : 8,
        "category" : "REVIEW",
        "description" : "Users appreciate the value of your work and a well thought-out addition.",
        "result" : "The team deduces 3 tasks from a User Story for the next Sprint.",
        "typeOfCard" : "Simple",
        "firstAction" : "DecreaseMaxTaskNextSprint",
        "firstValue" : 3
    },
    {
        "id" : 9,
        "category" : "REVIEW",
        "description" : "One of the users was absent at the Review. As his feedback is awaited, you will have to process it later",
        "result" : "Add 10 tasks to a User Story for the next Sprint.",
        "typeOfCard" : "Simple",
        "firstAction" : "IncreaseTaskNextSprint",
        "firstValue" : 10
    },
    {
        "id" : 10,
        "category" : "REVIEW",
        "description" : "Users observed a major bug in the increment at the end of the Review. !",
        "result" : "The team accumulates 4 debts.",
        "typeOfCard" : "Simple",
        "firstAction" : "IncreaseDebt",
        "firstValue" : 4
    },
    {
        "id" : 11,
        "category" : "REVIEW",
        "description" : "Users invited to the Review are particularly active !",
        "result" : "Draw 3 new Review cards.",
        "typeOfCard" : "Simple",
        "firstAction" : "PickReviewCards",
        "firstValue" : 3
    },
    {
        "id" : 12,
        "category" : "REVIEW",
        "description" : "An unfortunate bug appeared during the Review. Beware of the demo effect !",
        "result" : "The team accumulates 3 debts.",
        "typeOfCard" : "Simple",
        "firstAction" : "IncreaseDebt",
        "firstValue" : 3
    },
    {
        "id" : 13,
        "category" : "REVIEW",
        "description" : "Users detected a minor bug while testing the increment during the Review !",
        "result" : "The team accumulates 2 debts.",
        "typeOfCard" : "Simple",
        "firstAction" : "IncreaseDebt",
        "firstValue" : 2
    },
    {
        "id" : 14,
        "category" : "REVIEW",
        "description" : "'And what happens if I click on that big red button ?'",
        "result" : "- A curious user",
        "typeOfCard" : "Information"
    },
    {
        "id" : 15,
        "category" : "REVIEW",
        "description" : "'This product is a real beauty !'",
        "result" : "- A happy user.",
        "typeOfCard" : "Information"
    },
    {
        "id" : 16,
        "category" : "REVIEW",
        "description" : "Users inform you of a cosmetic bug during the Review.",
        "result" : "The team accumulates 1 debt.",
        "typeOfCard" : "Simple",
        "firstAction" : "IncreaseDebt",
        "firstValue" : 1
    },
    {
        "id" : 17,
        "category" : "REVIEW",
        "description" : "Users inform you of a cosmetic bug during the Review.",
        "result" : "The team accumulates 1 debt.",
        "typeOfCard" : "Simple",
        "firstAction" : "IncreaseDebt",
        "firstValue" : 1
    },
    {
        "id" : 18,
        "category" : "REVIEW",
        "description" : "'Excuse me. Do you know where exactly the review is taking place ?'",
        "result" : "- A wandering user",
        "typeOfCard" : "Information"
    },
    {
        "id" : 19,
        "category" : "REVIEW",
        "description" : "You present a BBD test report at the Review. The users are delighted with his comprehensibility.",
        "result" : "The team saves 4 debts.",
        "typeOfCard" : "Simple",
        "firstAction" : "DecreaseDebt",
        "firstValue" : 4
    },
    {
        "id" : 20,
        "category" : "REVIEW",
        "description" : "You present a few indicators of the code's functional coverage during the Review.",
        "result" : "The team saves 2 debts.",
        "typeOfCard" : "Simple",
        "firstAction" : "DecreaseDebt",
        "firstValue" : 2
    },
    {
        "id" : 21,
        "category" : "REVIEW",
        "description" : "The quality of this increment leaves much to be desired.",
        "result" : "The team accumulates as much debt as the result of the Product Owner's roll of the dice.",
        "typeOfCard" : "Simple",
        "firstAction" : "IncreaseDebtPerRoll"
    },
    {
        "id" : 22,
        "category" : "REVIEW",
        "description" : "Users find difficult to understand product documentation and demand rapid training.",
        "result" : "The team accumulates 3 debts.",
        "typeOfCard" : "Simple",
        "firstAction" : "IncreaseDebt",
        "firstValue" : 3
    },
    {
        "id" : 23,
        "category" : "REVIEW",
        "description" : "Users inform you of a cosmetic bug during the Review.",
        "result" : "The team accumulates 1 debt.",
        "typeOfCard" : "Simple",
        "firstAction" : "IncreaseDebt",
        "firstValue" : 1
    },
    {
        "id" : 24,
        "category" : "REVIEW",
        "description" : "Users has given you valuable tips on their business for the next Sprint.",
        "result" : "The team saves 5 debts.",
        "typeOfCard" : "Simple",
        "firstAction" : "DecreaseDebt",
        "firstValue" : 5
    },
    {
        "id" : 25,
        "category" : "REVIEW",
        "description" : "'Absolutely brilliant feature, great job !",
        "result" : "- A surprised user",
        "typeOfCard" : "Information"
    },
    {
        "id" : 26,
        "category" : "REVIEW",
        "description" : "Users made many comments during the Review.",
        "result" : "The team saves as much as debt as the result of the Product Owner's roll of dice.",
        "typeOfCard" : "Simple",
        "firstAction" : "DecreaseDebtPerRoll"
    },
    {
        "id" : 27,
        "category" : "REVIEW",
        "description" : "Users made many comments during the Review.",
        "result" : "The team saves as much as debt as the result of the Product Owner's roll of dice.",
        "typeOfCard" : "Simple",
        "firstAction" : "DecreaseDebtPerRoll"
    },
    {
        "id" : 28,
        "category" : "REVIEW",
        "description" : "Users find difficult to understand product documentation and demand rapid training.",
        "result" : "The team accumulates 3 debts",
        "typeOfCard" : "Simple",
        "firstAction" : "IncreaseDebt",
        "firstValue" : 3
    },
    {
        "id" : 29,
        "category" : "REVIEW",
        "description" : "Users inform you of a cosmetic bug during the Review.",
        "result" : "The team accumulates 1 debt.",
        "typeOfCard" : "Simple",
        "firstAction" : "IncreaseDebt",
        "firstValue" : 1
    },
    {
        "id" : 30,
        "category" : "REVIEW",
        "description" : "During the review, the team realizes that some of the work to come has already been done !",
        "result" : "The team wins 5 tasks for the next Sprint.",
        "typeOfCard" : "Simple",
        "firstAction" : "IncreaseTaskNextSprint",
        "firstValue" : 5
    },
    {
        "id" : 31,
        "category" : "REVIEW",
        "description" : "Users made numerous comments during the Review.",
        "result" : "The team saves as much as debt as the result of the Product Owner's roll of dice.",
        "typeOfCard" : "Simple",
        "firstAction" : "DecreaseDebtPerRoll"
    },
    {
        "id" : 32,
        "category" : "REVIEW",
        "description" : "Users inform you of a cosmetic bug during the Review.",
        "result" : "The Team accumulates 1 debt.",
        "typeOfCard" : "Simple",
        "firstAction" : "IncreaseDebt",
        "firstValue" : 1
    },
    {
        "id" : 33,
        "category" : "REVIEW",
        "description" : "Users inform you of a cosmetic bug during the Review.",
        "result" : "The team accumulates 1 debt.",
        "typeOfCard" : "Simple",
        "firstAction" : "IncreaseDebt",
        "firstValue" : 1
    },
    {
        "id" : 34,
        "category" : "REVIEW",
        "description" : "Users observed a major bug in the increment at the end of the Review !",
        "result" : "The team accumulates 4 debts.",
        "typeOfCard" : "Simple",
        "firstAction" : "IncreaseDebt",
        "firstValue" : 4
    },
    {
        "id" : 35,
        "category" : "REVIEW",
        "description" : "Users detected a minor bug while testing the increment during the Review !",
        "result" : "The team accumulates 2 debts.",
        "typeOfCard" : "Simple",
        "firstAction" : "IncreaseDebt",
        "firstValue" : 2
    },
    {
        "id" : 36,
        "category" : "REVIEW",
        "description" : "An unfortunate bug appeared durning the Review. Beware of the demo effect !",
        "result" : "The team accumulates 3 debts.",
        "typeOfCard" : "Simple",
        "firstAction" : "IncreaseDebt",
        "firstValue" : 3
    },
    {
        "id" : 37,
        "category" : "REVIEW",
        "description" : "An important use was not present at the Review, and his advise was awaited to establish future activities.",
        "result" : "Add 10 tasks distributed over the User Stories of the next Sprint.",
        "typeOfCard" : "Simple",
        "firstAction" : "IncreaseTaskNextSprint",
        "firstValue" : 10
    },
    {
        "id" : 38,
        "category" : "REVIEW",
        "description" : "Once you have inspected the increment, talking to users helps you better target their needs.",
        "result" : "The team saves 5 debts.",
        "typeOfCard" : "Simple",
        "firstAction" : "DecreaseDebt",
        "firstValue" : 5
    },
    {
        "id" : 39,
        "category" : "REVIEW",
        "description" : "Once you have inspected the increment, talking to users helps you better target their needs.",
        "result" : "The team saves 5 debts.",
        "typeOfCard" : "Simple",
        "firstAction" : "DecreaseDebt",
        "firstValue" : 5
    },
    {
        "id" : 40,
        "category" : "REVIEW",
        "description" : "Users made numerous comments during the Review.",
        "result" : "The team saves as much as debt as the result of the Product Owner's roll of dice.",
        "typeOfCard" : "Simple",
        "firstAction" : "DecreaseDebtPerRoll"
    },
    {
        "id" : 41,
        "category" : "REVIEW",
        "description" : "By interacting with the user present at the review, you gain a better understanding of the business.",
        "result" : "This save you 1 debt per player.",
        "typeOfCard" : "Simple",
        "firstAction" : "DecreaseDebtPerPlayer",
        "firstValue" : 1
    },
    {
        "id" : 42,
        "category" : "REVIEW",
        "description" : "By interacting with the user present at the review, you gain a better understanding of the business.",
        "result" : "This save you 1 debt per player.",
        "typeOfCard" : "Simple",
        "firstAction" : "DecreaseDebtPerPlayer",
        "firstValue" : 1
    },
    {
        "id" : 43,
        "category" : "REVIEW",
        "description" : "By clarifying the expected product quality, you can avoid increasing your technical debt.",
        "result" : "The team therefore saved 4 debts.",
        "typeOfCard" : "Simple",
        "firstAction" : "DecreaseDebt",
        "firstValue" : 4
    },
    {
        "id" : 44,
        "category" : "REVIEW",
        "description" : "The Review turned out to be faster than expected. In return, you consolidate you work.",
        "result" : "The team saves 2 debts.",
        "typeOfCard" : "Simple",
        "firstAction" : "DecreaseDebt",
        "firstValue" : 2
    },
    {
        "id" : 45,
        "category" : "REVIEW",
        "description" : "Your Product Owner decides to be trained on business domain. This will eventually help the whole team",
        "result" : "His assistance saves the team 1 task a day.",
        "typeOfCard" : "Permanent",
        "permanent" : "OneTaskPerDay"
    },
    {
        "id" : 46,
        "category" : "REVIEW",
        "description" : "Users made numerous comments during the Review.",
        "result" : "The team saves as much as debt as the result of the Product Owner's roll of dice.",
        "typeOfCard" : "Simple",
        "firstAction" : "DecreaseDebtPerRoll"
    },
    {
        "id" : 47,
        "category" : "REVIEW",
        "description" : "By interacting with the users present at the Review, you gain a better understanding of the business.",
        "result" : "This saves you 1 debt per player.",
        "typeOfCard" : "Simple",
        "firstAction" : "DecreaseDebtPerPlayer",
        "firstValue" : 1
    },
    {
        "id" : 48,
        "category" : "REVIEW",
        "description" : "Take a moment and ask yourself the following question :",
        "result" : "'What contributes to a good Review ?",
        "typeOfCard" : "Information"
    },
    {
        "id" : 49,
        "category" : "REVIEW",
        "description" : "By clarifying the expected product quality, you can avoid increasing your technical debt.",
        "result" : "The team therefore saved 4 debts.",
        "typeOfCard" : "Simple",
        "firstAction" : "DecreaseDebt",
        "firstValue" : 4
    },
    {
        "id" : 50,
        "category" : "REVIEW",
        "description" : "The Review turned out to be faster than expected. In return, you consolidate you work.",
        "result" : "The team saves 2 debts.",
        "typeOfCard" : "Simple",
        "firstAction" : "DecreaseDebt",
        "firstValue" : 2
    },
    {
        "id" : 51,
        "category" : "REVIEW",
        "description" : "Users made numerous comments during the Review.",
        "result" : "The team saves as much as debt as the result of the Product Owner's roll of dice.",
        "typeOfCard" : "Simple",
        "firstAction" : "DecreaseDebtPerRoll"
    },
    {
        "id" : 52,
        "category" : "REVIEW",
        "description" : "By interacting with the users present at the Review, you gain a better understanding of the business.",
        "result" : "This saves you 1 debt per player.",
        "typeOfCard" : "Simple",
        "firstAction" : "DecreaseDebtPerPlayer",
        "firstValue" : 1
    },
    {
        "id" : 53,
        "category" : "REVIEW",
        "description" : "Users detected a minor bug while testing the increment during the Review !",
        "result" : "The team accumulates 2 debts.",
        "typeOfCard" : "Simple",
        "firstAction" : "IncreaseDebt",
        "firstValue" : 2
    },
    {
        "id" : 54,
        "category" : "REVIEW",
        "description" : "Users detected a minor bug while testing the increment during the Review !",
        "result" : "The team accumulates 2 debts.",
        "typeOfCard" : "Simple",
        "firstAction" : "IncreaseDebt",
        "firstValue" : 2
    },
    {
        "id" : 55,
        "category" : "REVIEW",
        "description" : "An important use was not present at the Review, and his advise was awaited to establish future activities.",
        "result" : "Add 10 tasks distributed over the User Stories of the next Sprint.",
        "typeOfCard" : "Simple",
        "firstAction" : "IncreaseTaskNextSprint",
        "firstValue" : 10
    },
    {
        "id" : 56,
        "category" : "REVIEW",
        "description" : "Users detected a minor bug while testing the increment during the Review!",
        "result" : "The team accumulates 2 debts.",
        "typeOfCard" : "Simple",
        "firstAction" : "IncreaseDebt",
        "firstValue" : 2
    },
    {
        "id" : 57,
        "category" : "REVIEW",
        "description" : "Users detected a minor bug while testing the increment during the Review !",
        "result" : "The team accumulates 2 debts.",
        "typeOfCard" : "Simple",
        "firstAction" : "IncreaseDebt",
        "firstValue" : 2
    },
    {
        "id" : 58,
        "category" : "REVIEW",
        "description" : "Users made numerous comments during this Review.",
        "result" : "The team saves as much as debt as the result of the Product Owner's roll of dice.",
        "typeOfCard" : "Simple",
        "firstAction" : "DecreaseDebtPerRoll"
    },
    {
        "id" : 59,
        "category" : "REVIEW",
        "description" : "An unfortunate bug appeared durning the Review. Beware of the demo effect !",
        "result" : "The team accumulates 3 debts.",
        "typeOfCard" : "Simple",
        "firstAction" : "IncreaseDebt",
        "firstValue" : 3
    },
    {
        "id" : 60,
        "category" : "REVIEW",
        "description" : "Users inform you of a cosmetic bug during the Review.",
        "result" : "The team accumulates 1 debt.",
        "typeOfCard" : "Simple",
        "firstAction" : "IncreaseDebt",
        "firstValue" : 1
    }
]